<?xml version="1.0" encoding="UTF-8"?>
<OpenSearchDescription xmlns="http://a9.com/-/spec/opensearch/1.1/">
<ShortName>Nette 2.4-20170714 API</ShortName>
<Description>Nette 2.4-20170714 API Documentation</Description>
<Url type="text/html" method="GET" template="https://www.google.com/cse?cx=011549293477758430224%3Avxofa9ufnhc&amp;ie=UTF-8&amp;q={searchTerms}"/>
<Image width="16" height="16">https://api.nette.org/favicon.ico</Image>
<SyndicationRight>open</SyndicationRight>
<InputEncoding>UTF-8</InputEncoding>
<OutputEncoding>UTF-8</OutputEncoding>
</OpenSearchDescription>
